{
    "type": {
      "name": "minecraft:test",
      "ultrawarm": false,
      "natural": true,
      "piglin_safe": false,
      "respawn_anchor_works": true,
      "bed_works": true,
      "has_raids": true,
      "has_skylight": true,
      "has_ceiling": true,
      "coordinate_scale": 1,
      "ambient_light": 0,
      "logical_height": 256,
      "infiniburn": "minecraft:infiniburn_overworld",
      "min_y": 0,
      "height": 256
    },
    "generator": {
      "type": "minecraft:noise",
      "seed": 1434032488,
      "settings": {
        "name": "minecraft:floating_islands",
        "bedrock_roof_position": 0,
        "bedrock_floor_position": -20,
        "sea_level": 63,
        "min_surface_level": 0,
        "disable_mob_generation": false,
        "noise_caves_enabled": true,
        "noodle_caves_enabled": false,
        "aquifers_enabled": true,
        "deepslate_enabled": true,
        "ore_veins_enabled": false,
        "default_block": {
          "Name": "minecraft:purple_stained_glass"
        },
        "default_fluid": {
          "Name": "minecraft:water",
          "Properties": {
            "level": "0"
          }
        },
        "noise": {
          "min_y": 0,
          "height": 256,
          "density_factor": 1,
          "density_offset": -0.46875,
          "size_horizontal": 1,
          "size_vertical": 2,
          "simplex_surface_noise": true,
          "random_density_offset": true,
          "sampling": {
            "xz_scale": 1,
            "y_scale": 1,
            "xz_factor": 80,
            "y_factor": 160
          },
          "bottom_slide": {
            "target": -30,
            "size": 0,
            "offset": 0
          },
          "top_slide": {
            "target": -10,
            "size": 3,
            "offset": 0
          }
        },
        "structures": {
          "structures": {}
        }
      },
      "biome_source": {
        "type": "minecraft:the_end",
        "seed": 1434032488
      }
    }
  }
  